0.540000, 3.539997, 0.010000, 1000, 1
0.000000, 0.000000, 2.000000, 0.000000
0.014142, 0.014142, 1.999306, 0.010000
0.028284, 0.028284, 1.997225, 0.020000
0.042426, 0.042426, 1.993757, 0.030000
0.056569, 0.056569, 1.988901, 0.040000
0.070711, 0.070711, 1.982658, 0.050000
0.084853, 0.084853, 1.975028, 0.060000
0.098995, 0.098995, 1.966010, 0.070000
0.113137, 0.113137, 1.955605, 0.080000
0.127279, 0.127279, 1.943813, 0.090000
0.141421, 0.141421, 1.930633, 0.100000
0.155563, 0.155563, 1.916066, 0.110000
0.169706, 0.169706, 1.900111, 0.120000
0.183848, 0.183848, 1.882769, 0.130000
0.197990, 0.197990, 1.864040, 0.140000
0.212132, 0.212132, 1.843924, 0.150000
0.226274, 0.226274, 1.822420, 0.160000
0.240416, 0.240416, 1.799529, 0.170000
0.254558, 0.254558, 1.775250, 0.180000
0.268701, 0.268701, 1.749584, 0.190000
0.282843, 0.282843, 1.722531, 0.200000
0.296985, 0.296985, 1.694091, 0.210000
0.311127, 0.311127, 1.664263, 0.220000
0.325269, 0.325269, 1.633048, 0.230000
0.339411, 0.339411, 1.600445, 0.240000
0.353553, 0.353553, 1.566455, 0.250000
0.367696, 0.367696, 1.531078, 0.260000
0.381838, 0.381838, 1.494313, 0.270000
0.395980, 0.395980, 1.456161, 0.280000
0.410122, 0.410122, 1.416622, 0.290000
0.424264, 0.424264, 1.375695, 0.300000
0.438406, 0.438406, 1.333382, 0.310000
0.452548, 0.452548, 1.289680, 0.320000
0.466690, 0.466690, 1.244592, 0.330000
0.480833, 0.480833, 1.198116, 0.340000
0.494975, 0.494975, 1.150252, 0.350000
0.509117, 0.509117, 1.101002, 0.360000
0.523259, 0.523259, 1.050364, 0.370000
0.537401, 0.537401, 0.998338, 0.380000
0.551543, 0.551543, 0.944926, 0.390000
0.565685, 0.565685, 0.890126, 0.400000
0.579827, 0.579827, 0.833938, 0.410000
0.593970, 0.593970, 0.776364, 0.420000
0.608112, 0.608112, 0.717402, 0.430000
0.622254, 0.622254, 0.657053, 0.440000
0.636396, 0.636396, 0.595316, 0.450000
0.650538, 0.650538, 0.532192, 0.460000
0.664680, 0.664680, 0.467680, 0.470000
0.678822, 0.678822, 0.401782, 0.480000
0.692964, 0.692964, 0.334496, 0.490000
0.707106, 0.707106, 0.265822, 0.500000
0.721249, 0.721249, 0.195761, 0.510000
0.735391, 0.735391, 0.124313, 0.520000
0.749533, 0.749533, 0.051478, 0.530000
0.763675, 0.763675, -0.022745, 0.540000
0.777817, 0.777817, 2.468451, 0.550000
0.791959, 0.791959, 2.559029, 0.560000
0.806101, 0.806101, 2.651239, 0.570000
0.820243, 0.820243, 2.745081, 0.580000
0.834386, 0.834386, 2.840555, 0.590000
0.848528, 0.848528, 2.937661, 0.600000
0.862670, 0.862670, 3.036399, 0.610000
0.876812, 0.876812, 3.136769, 0.620000
0.890954, 0.890954, 3.238771, 0.630000
0.905096, 0.905096, 3.342405, 0.640000
0.919238, 0.919238, 3.447671, 0.650000
0.933380, 0.933380, 3.554569, 0.660000
0.947523, 0.947523, 3.663099, 0.670000
0.961665, 0.961665, 3.773262, 0.680000
0.975807, 0.975807, 3.885056, 0.690000
0.989949, 0.989949, 3.998482, 0.700000
1.004091, 1.004091, 4.113541, 0.710000
1.018233, 1.018233, 4.230231, 0.720000
1.032375, 1.032375, 4.348553, 0.730000
1.046517, 1.046517, 4.468507, 0.740000
1.060660, 1.060660, 4.590094, 0.750000
1.074802, 1.074802, 4.713312, 0.760000
1.088944, 1.088944, 4.838163, 0.770000
1.103086, 1.103086, 4.964646, 0.780000
1.117228, 1.117228, 5.092760, 0.790000
1.131370, 1.131370, 5.222507, 0.800000
1.145512, 1.145512, 5.353885, 0.810000
1.159654, 1.159654, 5.486896, 0.820000
1.173797, 1.173797, 5.621539, 0.830000
1.187939, 1.187939, 5.757813, 0.839999
1.202081, 1.202081, 5.895720, 0.849999
1.216223, 1.216223, 6.035259, 0.859999
1.230365, 1.230365, 6.176430, 0.869999
1.244507, 1.244507, 6.319232, 0.879999
1.258649, 1.258649, 6.463667, 0.889999
1.272791, 1.272791, 6.609735, 0.899999
1.286934, 1.286934, 6.757434, 0.909999
1.301076, 1.301076, 6.906765, 0.919999
1.315218, 1.315218, 7.057728, 0.929999
1.329360, 1.329360, 7.210322, 0.939999
1.343502, 1.343502, 7.364550, 0.949999
1.357644, 1.357644, 7.520409, 0.959999
1.371786, 1.371786, 7.677900, 0.969999
1.385928, 1.385928, 7.837023, 0.979999
1.400071, 1.400071, 7.997778, 0.989999
1.414213, 1.414213, 8.160165, 0.999999
1.428355, 1.428355, 8.324185, 1.009999
1.442497, 1.442497, 8.489837, 1.019999
1.456639, 1.456639, 8.657121, 1.029999
1.470781, 1.470781, 8.826035, 1.039999
1.484923, 1.484923, 8.996584, 1.049999
1.499065, 1.499065, 9.168762, 1.059999
1.513208, 1.513208, 9.342574, 1.069999
1.527350, 1.527350, 9.518018, 1.079999
1.541492, 1.541492, 9.695093, 1.089999
1.555634, 1.555634, 9.873801, 1.099999
1.569776, 1.569776, 10.054140, 1.109999
1.583918, 1.583918, 10.236113, 1.119999
1.598060, 1.598060, 10.419716, 1.129999
1.612202, 1.612202, 10.604952, 1.139999
1.626345, 1.626345, 10.791819, 1.149999
1.640487, 1.640487, 10.980319, 1.159999
1.654629, 1.654629, 11.170451, 1.169999
1.668771, 1.668771, 11.362214, 1.179999
1.682913, 1.682913, 11.555611, 1.189999
1.697055, 1.697055, 11.750638, 1.199999
1.711197, 1.711197, 11.947299, 1.209999
1.725339, 1.725339, 12.145590, 1.219999
1.739481, 1.739481, 12.345514, 1.229999
1.753624, 1.753624, 12.547071, 1.239999
1.767766, 1.767766, 12.750258, 1.249999
1.781908, 1.781908, 12.955079, 1.259999
1.796050, 1.796050, 13.161530, 1.269999
1.810192, 1.810192, 13.369615, 1.279999
1.824334, 1.824334, 13.579330, 1.289999
1.838476, 1.838476, 13.790679, 1.299999
1.852618, 1.852618, 14.003660, 1.309999
1.866761, 1.866761, 14.218271, 1.319999
1.880903, 1.880903, 14.434517, 1.329999
1.895045, 1.895045, 14.652392, 1.339999
1.909187, 1.909187, 14.871902, 1.349999
1.923329, 1.923329, 15.093040, 1.359999
1.937471, 1.937471, 15.315814, 1.369999
1.951613, 1.951613, 15.540217, 1.379999
1.965755, 1.965755, 15.766254, 1.389999
1.979898, 1.979898, 15.993923, 1.399999
1.994040, 1.994040, 16.223223, 1.409999
2.008182, 2.008182, 16.454157, 1.419999
2.022324, 2.022324, 16.686720, 1.429999
2.036466, 2.036466, 16.920918, 1.439999
2.050608, 2.050608, 17.156746, 1.449999
2.064750, 2.064750, 17.394207, 1.459999
2.078892, 2.078892, 17.633301, 1.469999
2.093035, 2.093035, 17.874025, 1.479999
2.107177, 2.107177, 18.116383, 1.489999
2.121319, 2.121319, 18.360371, 1.499999
2.135461, 2.135461, 18.605991, 1.509999
2.149603, 2.149603, 18.853243, 1.519999
2.163745, 2.163745, 19.102129, 1.529999
2.177887, 2.177887, 19.352646, 1.539999
2.192029, 2.192029, 19.604795, 1.549999
2.206172, 2.206172, 19.858576, 1.559999
2.220314, 2.220314, 20.113989, 1.569999
2.234456, 2.234456, 20.371035, 1.579999
2.248598, 2.248598, 20.629711, 1.589999
2.262740, 2.262740, 20.890020, 1.599999
2.276882, 2.276882, 21.151962, 1.609999
2.291024, 2.291024, 21.415535, 1.619999
2.305166, 2.305166, 21.680740, 1.629999
2.319309, 2.319309, 21.947577, 1.639999
2.333451, 2.333451, 22.216047, 1.649999
2.347593, 2.347593, 22.486149, 1.659999
2.361735, 2.361735, 22.757881, 1.669999
2.375877, 2.375877, 23.031248, 1.679999
2.390019, 2.390019, 23.306244, 1.689999
2.404161, 2.404161, 23.582874, 1.699999
2.418303, 2.418303, 23.861135, 1.709999
2.432446, 2.432446, 24.141029, 1.719999
2.446588, 2.446588, 24.422554, 1.729999
2.460730, 2.460730, 24.705713, 1.739999
2.474872, 2.474872, 24.990503, 1.749999
2.489014, 2.489014, 25.276924, 1.759999
2.503156, 2.503156, 25.564978, 1.769999
2.517298, 2.517298, 25.854664, 1.779999
2.531440, 2.531440, 26.145981, 1.789999
2.545583, 2.545583, 26.438931, 1.799999
2.559725, 2.559725, 26.733513, 1.809999
2.573867, 2.573867, 27.029728, 1.819999
2.588009, 2.588009, 27.327572, 1.829999
2.602151, 2.602151, 27.627052, 1.839999
2.616293, 2.616293, 27.928160, 1.849999
2.630435, 2.630435, 28.230904, 1.859999
2.644577, 2.644577, 28.535276, 1.869999
2.658720, 2.658720, 28.841284, 1.879999
2.672862, 2.672862, 29.148920, 1.889999
2.687004, 2.687004, 29.458191, 1.899999
2.701146, 2.701146, 29.769094, 1.909999
2.715288, 2.715288, 30.081627, 1.919999
2.729430, 2.729430, 30.395794, 1.929999
2.743572, 2.743572, 30.711592, 1.939999
2.757714, 2.757714, 31.029022, 1.949998
2.771856, 2.771856, 31.348083, 1.959998
2.785999, 2.785999, 31.668779, 1.969998
2.800141, 2.800141, 31.991106, 1.979998
2.814283, 2.814283, 32.315067, 1.989998
2.828425, 2.828425, 32.640652, 1.999998
2.842567, 2.842567, 32.967884, 2.009999
2.856709, 2.856709, 33.296734, 2.019999
2.870852, 2.870852, 33.627220, 2.029999
2.884994, 2.884994, 33.959339, 2.039999
2.899136, 2.899136, 34.293091, 2.049999
2.913278, 2.913278, 34.628475, 2.059999
2.927420, 2.927420, 34.965488, 2.069999
2.941562, 2.941562, 35.304134, 2.079998
2.955704, 2.955704, 35.644413, 2.089998
2.969846, 2.969846, 35.986324, 2.099998
2.983988, 2.983988, 36.329868, 2.109998
2.998131, 2.998131, 36.675041, 2.119998
3.012273, 3.012273, 37.021851, 2.129998
3.026415, 3.026415, 37.370289, 2.139998
3.040557, 3.040557, 37.720360, 2.149998
3.054699, 3.054699, 38.072060, 2.159998
3.068841, 3.068841, 38.425396, 2.169998
3.082983, 3.082983, 38.780365, 2.179998
3.097125, 3.097125, 39.136963, 2.189998
3.111268, 3.111268, 39.495197, 2.199998
3.125410, 3.125410, 39.855057, 2.209998
3.139552, 3.139552, 40.216553, 2.219998
3.153694, 3.153694, 40.579681, 2.229998
3.167836, 3.167836, 40.944443, 2.239998
3.181978, 3.181978, 41.310829, 2.249998
3.196120, 3.196120, 41.678852, 2.259998
3.210262, 3.210262, 42.048508, 2.269998
3.224405, 3.224405, 42.419800, 2.279998
3.238547, 3.238547, 42.792717, 2.289998
3.252689, 3.252689, 43.167267, 2.299998
3.266831, 3.266831, 43.543449, 2.309998
3.280973, 3.280973, 43.921268, 2.319998
3.295115, 3.295115, 44.300716, 2.329998
3.309257, 3.309257, 44.681797, 2.339998
3.323399, 3.323399, 45.064503, 2.349998
3.337541, 3.337541, 45.448849, 2.359998
3.351684, 3.351684, 45.834827, 2.369998
3.365826, 3.365826, 46.222435, 2.379998
3.379968, 3.379968, 46.611671, 2.389998
3.394110, 3.394110, 47.002544, 2.399998
3.408252, 3.408252, 47.395046, 2.409998
3.422394, 3.422394, 47.789185, 2.419998
3.436536, 3.436536, 48.184956, 2.429998
3.450678, 3.450678, 48.582352, 2.439998
3.464821, 3.464821, 48.981384, 2.449998
3.478963, 3.478963, 49.382050, 2.459998
3.493105, 3.493105, 49.784344, 2.469998
3.507247, 3.507247, 50.188274, 2.479998
3.521389, 3.521389, 50.593830, 2.489998
3.535531, 3.535531, 51.001022, 2.499998
3.549673, 3.549673, 51.409847, 2.509998
3.563815, 3.563815, 51.820305, 2.519998
3.577958, 3.577958, 52.232391, 2.529998
3.592100, 3.592100, 52.646111, 2.539998
3.606242, 3.606242, 53.061466, 2.549998
3.620384, 3.620384, 53.478451, 2.559998
3.634526, 3.634526, 53.897068, 2.569998
3.648668, 3.648668, 54.317310, 2.579998
3.662810, 3.662810, 54.739193, 2.589998
3.676952, 3.676952, 55.162708, 2.599998
3.691094, 3.691094, 55.587852, 2.609998
3.705237, 3.705237, 56.014629, 2.619998
3.719379, 3.719379, 56.443035, 2.629998
3.733521, 3.733521, 56.873077, 2.639998
3.747663, 3.747663, 57.304749, 2.649998
3.761805, 3.761805, 57.738056, 2.659998
3.775947, 3.775947, 58.172989, 2.669998
3.790089, 3.790089, 58.609558, 2.679998
3.804231, 3.804231, 59.047760, 2.689998
3.818374, 3.818374, 59.487595, 2.699998
3.832516, 3.832516, 59.929058, 2.709998
3.846658, 3.846658, 60.372154, 2.719998
3.860800, 3.860800, 60.816883, 2.729998
3.874942, 3.874942, 61.263245, 2.739998
3.889084, 3.889084, 61.711239, 2.749998
3.903226, 3.903226, 62.160858, 2.759998
3.917368, 3.917368, 62.612118, 2.769998
3.931510, 3.931510, 63.065006, 2.779998
3.945653, 3.945653, 63.519531, 2.789998
3.959795, 3.959795, 63.975685, 2.799998
3.973937, 3.973937, 64.433464, 2.809998
3.988079, 3.988079, 64.892883, 2.819998
4.002221, 4.002221, 65.353935, 2.829998
4.016363, 4.016363, 65.816612, 2.839998
4.030505, 4.030505, 66.280930, 2.849998
4.044648, 4.044648, 66.746872, 2.859998
4.058790, 4.058790, 67.214447, 2.869998
4.072932, 4.072932, 67.683662, 2.879998
4.087074, 4.087074, 68.154503, 2.889998
4.101216, 4.101216, 68.626968, 2.899998
4.115358, 4.115358, 69.101082, 2.909998
4.129500, 4.129500, 69.576820, 2.919998
4.143642, 4.143642, 70.054184, 2.929998
4.157784, 4.157784, 70.533188, 2.939998
4.171926, 4.171926, 71.013817, 2.949998
4.186069, 4.186069, 71.496086, 2.959998
4.200211, 4.200211, 71.979988, 2.969998
4.214353, 4.214353, 72.465515, 2.979998
4.228495, 4.228495, 72.952682, 2.989998
4.242637, 4.242637, 73.441467, 2.999998
4.256779, 4.256779, 73.931892, 3.009998
4.270922, 4.270922, 74.423958, 3.019998
4.285064, 4.285064, 74.917648, 3.029998
4.299206, 4.299206, 75.412964, 3.039998
4.313348, 4.313348, 75.909920, 3.049998
4.327490, 4.327490, 76.408508, 3.059998
4.341632, 4.341632, 76.908722, 3.069998
4.355774, 4.355774, 77.410576, 3.079998
4.369916, 4.369916, 77.914055, 3.089998
4.384058, 4.384058, 78.419167, 3.099998
4.398201, 4.398201, 78.925919, 3.109998
4.412343, 4.412343, 79.434296, 3.119998
4.426485, 4.426485, 79.944298, 3.129997
4.440627, 4.440627, 80.455940, 3.139997
4.454769, 4.454769, 80.969215, 3.149997
4.468911, 4.468911, 81.484123, 3.159997
4.483053, 4.483053, 82.000664, 3.169997
4.497195, 4.497195, 82.518829, 3.179997
4.511338, 4.511338, 83.038635, 3.189997
4.525480, 4.525480, 83.560074, 3.199997
4.539622, 4.539622, 84.083138, 3.209997
4.553764, 4.553764, 84.607841, 3.219997
4.567906, 4.567906, 85.134163, 3.229997
4.582048, 4.582048, 85.662125, 3.239997
4.596190, 4.596190, 86.191727, 3.249997
4.610332, 4.610332, 86.722954, 3.259997
4.624475, 4.624475, 87.255806, 3.269997
4.638617, 4.638617, 87.790298, 3.279997
4.652759, 4.652759, 88.326424, 3.289997
4.666901, 4.666901, 88.864174, 3.299997
4.681043, 4.681043, 89.403564, 3.309997
4.695185, 4.695185, 89.944580, 3.319997
4.709327, 4.709327, 90.487228, 3.329997
4.723469, 4.723469, 91.031517, 3.339997
4.737611, 4.737611, 91.577431, 3.349997
4.751754, 4.751754, 92.124977, 3.359997
4.765896, 4.765896, 92.674156, 3.369997
4.780038, 4.780038, 93.224968, 3.379997
4.794180, 4.794180, 93.777412, 3.389997
4.808322, 4.808322, 94.331490, 3.399997
4.822464, 4.822464, 94.887192, 3.409997
4.836607, 4.836607, 95.444527, 3.419997
4.850749, 4.850749, 96.003502, 3.429997
4.864891, 4.864891, 96.564102, 3.439997
4.879033, 4.879033, 97.126343, 3.449997
4.893175, 4.893175, 97.690201, 3.459997
4.907317, 4.907317, 98.255707, 3.469997
4.921459, 4.921459, 98.822838, 3.479997
4.935601, 4.935601, 99.391602, 3.489997
4.949743, 4.949743, 99.961998, 3.499997
4.963885, 4.963885, 100.534019, 3.509997
4.978027, 4.978027, 101.107681, 3.519997
4.992170, 4.992170, 101.682976, 3.529997
5.006312, 5.006312, 102.259903, 3.539997
5.020454, 5.020454, 0.000000, 3.549997
5.034596, 5.034596, 0.000000, 3.559997
5.048738, 5.048738, 0.000000, 3.569997
5.062881, 5.062881, 0.000000, 3.579997
5.077023, 5.077023, 0.000000, 3.589997
5.091165, 5.091165, 0.000000, 3.599997
5.105307, 5.105307, 0.000000, 3.609997
5.119449, 5.119449, 0.000000, 3.619997
5.133591, 5.133591, 0.000000, 3.629997
5.147733, 5.147733, 0.000000, 3.639997
5.161875, 5.161875, 0.000000, 3.649997
5.176017, 5.176017, 0.000000, 3.659997
5.190159, 5.190159, 0.000000, 3.669997
5.204301, 5.204301, 0.000000, 3.679997
5.218444, 5.218444, 0.000000, 3.689997
5.232586, 5.232586, 0.000000, 3.699997
5.246728, 5.246728, 0.000000, 3.709997
5.260870, 5.260870, 0.000000, 3.719997
5.275012, 5.275012, 0.000000, 3.729997
5.289154, 5.289154, 0.000000, 3.739997
5.303297, 5.303297, 0.000000, 3.749997
5.317439, 5.317439, 0.000000, 3.759997
5.331581, 5.331581, 0.000000, 3.769997
5.345723, 5.345723, 0.000000, 3.779997
5.359865, 5.359865, 0.000000, 3.789997
5.374007, 5.374007, 0.000000, 3.799997
5.388149, 5.388149, 0.000000, 3.809997
5.402291, 5.402291, 0.000000, 3.819997
5.416433, 5.416433, 0.000000, 3.829997
5.430575, 5.430575, 0.000000, 3.839997
5.444717, 5.444717, 0.000000, 3.849997
5.458860, 5.458860, 0.000000, 3.859997
5.473002, 5.473002, 0.000000, 3.869997
5.487144, 5.487144, 0.000000, 3.879997
5.501286, 5.501286, 0.000000, 3.889997
5.515428, 5.515428, 0.000000, 3.899997
5.529570, 5.529570, 0.000000, 3.909997
5.543713, 5.543713, 0.000000, 3.919997
5.557855, 5.557855, 0.000000, 3.929997
5.571997, 5.571997, 0.000000, 3.939997
5.586139, 5.586139, 0.000000, 3.949997
5.600281, 5.600281, 0.000000, 3.959997
5.614423, 5.614423, 0.000000, 3.969997
5.628565, 5.628565, 0.000000, 3.979997
5.642707, 5.642707, 0.000000, 3.989997
5.656849, 5.656849, 0.000000, 3.999997
5.670992, 5.670992, 0.000000, 4.009997
5.685134, 5.685134, 0.000000, 4.019997
5.699277, 5.699277, 0.000000, 4.029997
5.713419, 5.713419, 0.000000, 4.039998
5.727562, 5.727562, 0.000000, 4.049998
5.741704, 5.741704, 0.000000, 4.059998
5.755847, 5.755847, 0.000000, 4.069998
5.769989, 5.769989, 0.000000, 4.079998
5.784132, 5.784132, 0.000000, 4.089999
5.798274, 5.798274, 0.000000, 4.099999
5.812417, 5.812417, 0.000000, 4.109999
5.826559, 5.826559, 0.000000, 4.119999
5.840702, 5.840702, 0.000000, 4.130000
5.854844, 5.854844, 0.000000, 4.140000
5.868986, 5.868986, 0.000000, 4.150000
5.883129, 5.883129, 0.000000, 4.160000
5.897271, 5.897271, 0.000000, 4.170001
5.911414, 5.911414, 0.000000, 4.180001
5.925556, 5.925556, 0.000000, 4.190001
5.939699, 5.939699, 0.000000, 4.200001
5.953841, 5.953841, 0.000000, 4.210001
5.967984, 5.967984, 0.000000, 4.220002
5.982126, 5.982126, 0.000000, 4.230002
5.996268, 5.996268, 0.000000, 4.240002
6.010411, 6.010411, 0.000000, 4.250002
6.024553, 6.024553, 0.000000, 4.260003
6.038696, 6.038696, 0.000000, 4.270003
6.052838, 6.052838, 0.000000, 4.280003
6.066981, 6.066981, 0.000000, 4.290003
6.081123, 6.081123, 0.000000, 4.300004
6.095266, 6.095266, 0.000000, 4.310004
6.109408, 6.109408, 0.000000, 4.320004
6.123550, 6.123550, 0.000000, 4.330004
6.137693, 6.137693, 0.000000, 4.340004
6.151835, 6.151835, 0.000000, 4.350005
6.165978, 6.165978, 0.000000, 4.360005
6.180120, 6.180120, 0.000000, 4.370005
6.194263, 6.194263, 0.000000, 4.380005
6.208405, 6.208405, 0.000000, 4.390006
6.222548, 6.222548, 0.000000, 4.400006
6.236690, 6.236690, 0.000000, 4.410006
6.250833, 6.250833, 0.000000, 4.420006
6.264975, 6.264975, 0.000000, 4.430007
6.279118, 6.279118, 0.000000, 4.440007
6.293260, 6.293260, 0.000000, 4.450007
6.307403, 6.307403, 0.000000, 4.460007
6.321545, 6.321545, 0.000000, 4.470007
6.335688, 6.335688, 0.000000, 4.480008
6.349830, 6.349830, 0.000000, 4.490008
6.363972, 6.363972, 0.000000, 4.500008
6.378115, 6.378115, 0.000000, 4.510008
6.392257, 6.392257, 0.000000, 4.520009
6.406400, 6.406400, 0.000000, 4.530009
6.420542, 6.420542, 0.000000, 4.540009
6.434685, 6.434685, 0.000000, 4.550009
6.448827, 6.448827, 0.000000, 4.560009
6.462970, 6.462970, 0.000000, 4.570010
6.477112, 6.477112, 0.000000, 4.580010
6.491254, 6.491254, 0.000000, 4.590010
6.505397, 6.505397, 0.000000, 4.600010
6.519539, 6.519539, 0.000000, 4.610011
6.533682, 6.533682, 0.000000, 4.620011
6.547824, 6.547824, 0.000000, 4.630011
6.561967, 6.561967, 0.000000, 4.640011
6.576109, 6.576109, 0.000000, 4.650012
6.590252, 6.590252, 0.000000, 4.660012
6.604394, 6.604394, 0.000000, 4.670012
6.618536, 6.618536, 0.000000, 4.680012
6.632679, 6.632679, 0.000000, 4.690012
6.646821, 6.646821, 0.000000, 4.700013
6.660964, 6.660964, 0.000000, 4.710013
6.675107, 6.675107, 0.000000, 4.720013
6.689249, 6.689249, 0.000000, 4.730013
6.703392, 6.703392, 0.000000, 4.740014
6.717534, 6.717534, 0.000000, 4.750014
6.731676, 6.731676, 0.000000, 4.760014
6.745819, 6.745819, 0.000000, 4.770014
6.759961, 6.759961, 0.000000, 4.780015
6.774104, 6.774104, 0.000000, 4.790015
6.788246, 6.788246, 0.000000, 4.800015
6.802389, 6.802389, 0.000000, 4.810015
6.816531, 6.816531, 0.000000, 4.820015
6.830674, 6.830674, 0.000000, 4.830016
6.844816, 6.844816, 0.000000, 4.840016
6.858958, 6.858958, 0.000000, 4.850016
6.873101, 6.873101, 0.000000, 4.860016
6.887243, 6.887243, 0.000000, 4.870017
6.901386, 6.901386, 0.000000, 4.880017
6.915528, 6.915528, 0.000000, 4.890017
6.929671, 6.929671, 0.000000, 4.900017
6.943813, 6.943813, 0.000000, 4.910017
6.957956, 6.957956, 0.000000, 4.920018
6.972098, 6.972098, 0.000000, 4.930018
6.986240, 6.986240, 0.000000, 4.940018
7.000383, 7.000383, 0.000000, 4.950018
7.014525, 7.014525, 0.000000, 4.960019
7.028668, 7.028668, 0.000000, 4.970019
7.042810, 7.042810, 0.000000, 4.980019
7.056953, 7.056953, 0.000000, 4.990019
7.071095, 7.071095, 0.000000, 5.000020
7.085238, 7.085238, 0.000000, 5.010020
7.099380, 7.099380, 0.000000, 5.020020
7.113523, 7.113523, 0.000000, 5.030020
7.127665, 7.127665, 0.000000, 5.040020
7.141808, 7.141808, 0.000000, 5.050021
7.155950, 7.155950, 0.000000, 5.060021
7.170093, 7.170093, 0.000000, 5.070021
7.184235, 7.184235, 0.000000, 5.080021
7.198378, 7.198378, 0.000000, 5.090022
7.212520, 7.212520, 0.000000, 5.100022
7.226662, 7.226662, 0.000000, 5.110022
7.240805, 7.240805, 0.000000, 5.120022
7.254947, 7.254947, 0.000000, 5.130023
7.269090, 7.269090, 0.000000, 5.140023
7.283232, 7.283232, 0.000000, 5.150023
7.297375, 7.297375, 0.000000, 5.160023
7.311517, 7.311517, 0.000000, 5.170023
7.325660, 7.325660, 0.000000, 5.180024
7.339802, 7.339802, 0.000000, 5.190024
7.353944, 7.353944, 0.000000, 5.200024
7.368087, 7.368087, 0.000000, 5.210024
7.382229, 7.382229, 0.000000, 5.220025
7.396372, 7.396372, 0.000000, 5.230025
7.410514, 7.410514, 0.000000, 5.240025
7.424657, 7.424657, 0.000000, 5.250025
7.438799, 7.438799, 0.000000, 5.260026
7.452942, 7.452942, 0.000000, 5.270026
7.467084, 7.467084, 0.000000, 5.280026
7.481226, 7.481226, 0.000000, 5.290026
7.495369, 7.495369, 0.000000, 5.300026
7.509511, 7.509511, 0.000000, 5.310027
7.523654, 7.523654, 0.000000, 5.320027
7.537796, 7.537796, 0.000000, 5.330027
7.551939, 7.551939, 0.000000, 5.340027
7.566082, 7.566082, 0.000000, 5.350028
7.580224, 7.580224, 0.000000, 5.360028
7.594367, 7.594367, 0.000000, 5.370028
7.608509, 7.608509, 0.000000, 5.380028
7.622651, 7.622651, 0.000000, 5.390028
7.636794, 7.636794, 0.000000, 5.400029
7.650936, 7.650936, 0.000000, 5.410029
7.665079, 7.665079, 0.000000, 5.420029
7.679221, 7.679221, 0.000000, 5.430029
7.693364, 7.693364, 0.000000, 5.440030
7.707506, 7.707506, 0.000000, 5.450030
7.721649, 7.721649, 0.000000, 5.460030
7.735791, 7.735791, 0.000000, 5.470030
7.749933, 7.749933, 0.000000, 5.480031
7.764076, 7.764076, 0.000000, 5.490031
7.778218, 7.778218, 0.000000, 5.500031
7.792361, 7.792361, 0.000000, 5.510031
7.806503, 7.806503, 0.000000, 5.520031
7.820646, 7.820646, 0.000000, 5.530032
7.834788, 7.834788, 0.000000, 5.540032
7.848930, 7.848930, 0.000000, 5.550032
7.863073, 7.863073, 0.000000, 5.560032
7.877215, 7.877215, 0.000000, 5.570033
7.891358, 7.891358, 0.000000, 5.580033
7.905500, 7.905500, 0.000000, 5.590033
7.919643, 7.919643, 0.000000, 5.600033
7.933785, 7.933785, 0.000000, 5.610034
7.947928, 7.947928, 0.000000, 5.620034
7.962070, 7.962070, 0.000000, 5.630034
7.976213, 7.976213, 0.000000, 5.640034
7.990355, 7.990355, 0.000000, 5.650034
8.004498, 8.004498, 0.000000, 5.660035
8.018641, 8.018641, 0.000000, 5.670035
8.032783, 8.032783, 0.000000, 5.680035
8.046925, 8.046925, 0.000000, 5.690035
8.061068, 8.061068, 0.000000, 5.700036
8.075210, 8.075210, 0.000000, 5.710036
8.089353, 8.089353, 0.000000, 5.720036
8.103495, 8.103495, 0.000000, 5.730036
8.117638, 8.117638, 0.000000, 5.740036
8.131780, 8.131780, 0.000000, 5.750037
8.145923, 8.145923, 0.000000, 5.760037
8.160065, 8.160065, 0.000000, 5.770037
8.174207, 8.174207, 0.000000, 5.780037
8.188350, 8.188350, 0.000000, 5.790038
8.202492, 8.202492, 0.000000, 5.800038
8.216635, 8.216635, 0.000000, 5.810038
8.230777, 8.230777, 0.000000, 5.820038
8.244920, 8.244920, 0.000000, 5.830039
8.259062, 8.259062, 0.000000, 5.840039
8.273205, 8.273205, 0.000000, 5.850039
8.287347, 8.287347, 0.000000, 5.860039
8.301489, 8.301489, 0.000000, 5.870039
8.315632, 8.315632, 0.000000, 5.880040
8.329774, 8.329774, 0.000000, 5.890040
8.343917, 8.343917, 0.000000, 5.900040
8.358059, 8.358059, 0.000000, 5.910040
8.372202, 8.372202, 0.000000, 5.920041
8.386344, 8.386344, 0.000000, 5.930041
8.400487, 8.400487, 0.000000, 5.940041
8.414629, 8.414629, 0.000000, 5.950041
8.428771, 8.428771, 0.000000, 5.960042
8.442914, 8.442914, 0.000000, 5.970042
8.457056, 8.457056, 0.000000, 5.980042
8.471199, 8.471199, 0.000000, 5.990042
8.485341, 8.485341, 0.000000, 6.000042
8.499484, 8.499484, 0.000000, 6.010043
8.513626, 8.513626, 0.000000, 6.020043
8.527769, 8.527769, 0.000000, 6.030043
8.541911, 8.541911, 0.000000, 6.040043
8.556053, 8.556053, 0.000000, 6.050044
8.570196, 8.570196, 0.000000, 6.060044
8.584338, 8.584338, 0.000000, 6.070044
8.598481, 8.598481, 0.000000, 6.080044
8.612623, 8.612623, 0.000000, 6.090044
8.626766, 8.626766, 0.000000, 6.100045
8.640908, 8.640908, 0.000000, 6.110045
8.655051, 8.655051, 0.000000, 6.120045
8.669193, 8.669193, 0.000000, 6.130045
8.683335, 8.683335, 0.000000, 6.140046
8.697478, 8.697478, 0.000000, 6.150046
8.711620, 8.711620, 0.000000, 6.160046
8.725763, 8.725763, 0.000000, 6.170046
8.739905, 8.739905, 0.000000, 6.180047
8.754048, 8.754048, 0.000000, 6.190047
8.768190, 8.768190, 0.000000, 6.200047
8.782332, 8.782332, 0.000000, 6.210047
8.796475, 8.796475, 0.000000, 6.220047
8.810617, 8.810617, 0.000000, 6.230048
8.824760, 8.824760, 0.000000, 6.240048
8.838902, 8.838902, 0.000000, 6.250048
8.853045, 8.853045, 0.000000, 6.260048
8.867188, 8.867188, 0.000000, 6.270049
8.881330, 8.881330, 0.000000, 6.280049
8.895473, 8.895473, 0.000000, 6.290049
8.909615, 8.909615, 0.000000, 6.300049
8.923758, 8.923758, 0.000000, 6.310050
8.937900, 8.937900, 0.000000, 6.320050
8.952043, 8.952043, 0.000000, 6.330050
8.966185, 8.966185, 0.000000, 6.340050
8.980328, 8.980328, 0.000000, 6.350050
8.994470, 8.994470, 0.000000, 6.360051
9.008613, 9.008613, 0.000000, 6.370051
9.022755, 9.022755, 0.000000, 6.380051
9.036897, 9.036897, 0.000000, 6.390051
9.051040, 9.051040, 0.000000, 6.400052
9.065182, 9.065182, 0.000000, 6.410052
9.079325, 9.079325, 0.000000, 6.420052
9.093467, 9.093467, 0.000000, 6.430052
9.107610, 9.107610, 0.000000, 6.440053
9.121752, 9.121752, 0.000000, 6.450053
9.135895, 9.135895, 0.000000, 6.460053
9.150037, 9.150037, 0.000000, 6.470053
9.164179, 9.164179, 0.000000, 6.480053
9.178322, 9.178322, 0.000000, 6.490054
9.192464, 9.192464, 0.000000, 6.500054
9.206607, 9.206607, 0.000000, 6.510054
9.220749, 9.220749, 0.000000, 6.520054
9.234892, 9.234892, 0.000000, 6.530055
9.249034, 9.249034, 0.000000, 6.540055
9.263177, 9.263177, 0.000000, 6.550055
9.277319, 9.277319, 0.000000, 6.560055
9.291461, 9.291461, 0.000000, 6.570055
9.305604, 9.305604, 0.000000, 6.580056
9.319746, 9.319746, 0.000000, 6.590056
9.333889, 9.333889, 0.000000, 6.600056
9.348031, 9.348031, 0.000000, 6.610056
9.362174, 9.362174, 0.000000, 6.620057
9.376316, 9.376316, 0.000000, 6.630057
9.390459, 9.390459, 0.000000, 6.640057
9.404601, 9.404601, 0.000000, 6.650057
9.418743, 9.418743, 0.000000, 6.660058
9.432886, 9.432886, 0.000000, 6.670058
9.447028, 9.447028, 0.000000, 6.680058
9.461171, 9.461171, 0.000000, 6.690058
9.475313, 9.475313, 0.000000, 6.700058
9.489456, 9.489456, 0.000000, 6.710059
9.503598, 9.503598, 0.000000, 6.720059
9.517741, 9.517741, 0.000000, 6.730059
9.531883, 9.531883, 0.000000, 6.740059
9.546025, 9.546025, 0.000000, 6.750060
9.560168, 9.560168, 0.000000, 6.760060
9.574310, 9.574310, 0.000000, 6.770060
9.588453, 9.588453, 0.000000, 6.780060
9.602595, 9.602595, 0.000000, 6.790061
9.616738, 9.616738, 0.000000, 6.800061
9.630880, 9.630880, 0.000000, 6.810061
9.645023, 9.645023, 0.000000, 6.820061
9.659165, 9.659165, 0.000000, 6.830061
9.673307, 9.673307, 0.000000, 6.840062
9.687450, 9.687450, 0.000000, 6.850062
9.701592, 9.701592, 0.000000, 6.860062
9.715735, 9.715735, 0.000000, 6.870062
9.729877, 9.729877, 0.000000, 6.880063
9.744020, 9.744020, 0.000000, 6.890063
9.758162, 9.758162, 0.000000, 6.900063
9.772305, 9.772305, 0.000000, 6.910063
9.786448, 9.786448, 0.000000, 6.920063
9.800590, 9.800590, 0.000000, 6.930064
9.814733, 9.814733, 0.000000, 6.940064
9.828875, 9.828875, 0.000000, 6.950064
9.843018, 9.843018, 0.000000, 6.960064
9.857160, 9.857160, 0.000000, 6.970065
9.871303, 9.871303, 0.000000, 6.980065
9.885445, 9.885445, 0.000000, 6.990065
9.899587, 9.899587, 0.000000, 7.000065
9.913730, 9.913730, 0.000000, 7.010066
9.927872, 9.927872, 0.000000, 7.020066
9.942015, 9.942015, 0.000000, 7.030066
9.956157, 9.956157, 0.000000, 7.040066
9.970300, 9.970300, 0.000000, 7.050066
9.984442, 9.984442, 0.000000, 7.060067
9.998585, 9.998585, 0.000000, 7.070067
10.012727, 10.012727, 0.000000, 7.080067
10.026869, 10.026869, 0.000000, 7.090067
10.041012, 10.041012, 0.000000, 7.100068
10.055154, 10.055154, 0.000000, 7.110068
10.069297, 10.069297, 0.000000, 7.120068
10.083439, 10.083439, 0.000000, 7.130068
10.097582, 10.097582, 0.000000, 7.140069
10.111724, 10.111724, 0.000000, 7.150069
10.125867, 10.125867, 0.000000, 7.160069
10.140009, 10.140009, 0.000000, 7.170069
10.154151, 10.154151, 0.000000, 7.180069
10.168294, 10.168294, 0.000000, 7.190070
10.182436, 10.182436, 0.000000, 7.200070
10.196579, 10.196579, 0.000000, 7.210070
10.210721, 10.210721, 0.000000, 7.220070
10.224864, 10.224864, 0.000000, 7.230071
10.239006, 10.239006, 0.000000, 7.240071
10.253149, 10.253149, 0.000000, 7.250071
10.267291, 10.267291, 0.000000, 7.260071
10.281433, 10.281433, 0.000000, 7.270072
10.295576, 10.295576, 0.000000, 7.280072
10.309718, 10.309718, 0.000000, 7.290072
10.323861, 10.323861, 0.000000, 7.300072
10.338003, 10.338003, 0.000000, 7.310072
10.352146, 10.352146, 0.000000, 7.320073
10.366288, 10.366288, 0.000000, 7.330073
10.380431, 10.380431, 0.000000, 7.340073
10.394573, 10.394573, 0.000000, 7.350073
10.408715, 10.408715, 0.000000, 7.360074
10.422858, 10.422858, 0.000000, 7.370074
10.437000, 10.437000, 0.000000, 7.380074
10.451143, 10.451143, 0.000000, 7.390074
10.465285, 10.465285, 0.000000, 7.400074
10.479428, 10.479428, 0.000000, 7.410075
10.493570, 10.493570, 0.000000, 7.420075
10.507713, 10.507713, 0.000000, 7.430075
10.521855, 10.521855, 0.000000, 7.440075
10.535997, 10.535997, 0.000000, 7.450076
10.550140, 10.550140, 0.000000, 7.460076
10.564282, 10.564282, 0.000000, 7.470076
10.578425, 10.578425, 0.000000, 7.480076
10.592567, 10.592567, 0.000000, 7.490077
10.606710, 10.606710, 0.000000, 7.500077
10.620852, 10.620852, 0.000000, 7.510077
10.634995, 10.634995, 0.000000, 7.520077
10.649137, 10.649137, 0.000000, 7.530077
10.663280, 10.663280, 0.000000, 7.540078
10.677423, 10.677423, 0.000000, 7.550078
10.691565, 10.691565, 0.000000, 7.560078
10.705708, 10.705708, 0.000000, 7.570078
10.719850, 10.719850, 0.000000, 7.580079
10.733993, 10.733993, 0.000000, 7.590079
10.748135, 10.748135, 0.000000, 7.600079
10.762278, 10.762278, 0.000000, 7.610079
10.776420, 10.776420, 0.000000, 7.620080
10.790562, 10.790562, 0.000000, 7.630080
10.804705, 10.804705, 0.000000, 7.640080
10.818847, 10.818847, 0.000000, 7.650080
10.832990, 10.832990, 0.000000, 7.660080
10.847132, 10.847132, 0.000000, 7.670081
10.861275, 10.861275, 0.000000, 7.680081
10.875417, 10.875417, 0.000000, 7.690081
10.889560, 10.889560, 0.000000, 7.700081
10.903702, 10.903702, 0.000000, 7.710082
10.917844, 10.917844, 0.000000, 7.720082
10.931987, 10.931987, 0.000000, 7.730082
10.946129, 10.946129, 0.000000, 7.740082
10.960272, 10.960272, 0.000000, 7.750082
10.974414, 10.974414, 0.000000, 7.760083
10.988557, 10.988557, 0.000000, 7.770083
11.002699, 11.002699, 0.000000, 7.780083
11.016842, 11.016842, 0.000000, 7.790083
11.030984, 11.030984, 0.000000, 7.800084
11.045126, 11.045126, 0.000000, 7.810084
11.059269, 11.059269, 0.000000, 7.820084
11.073411, 11.073411, 0.000000, 7.830084
11.087554, 11.087554, 0.000000, 7.840085
11.101696, 11.101696, 0.000000, 7.850085
11.115839, 11.115839, 0.000000, 7.860085
11.129981, 11.129981, 0.000000, 7.870085
11.144123, 11.144123, 0.000000, 7.880085
11.158266, 11.158266, 0.000000, 7.890086
11.172408, 11.172408, 0.000000, 7.900086
11.186551, 11.186551, 0.000000, 7.910086
11.200693, 11.200693, 0.000000, 7.920086
11.214836, 11.214836, 0.000000, 7.930087
11.228978, 11.228978, 0.000000, 7.940087
11.243121, 11.243121, 0.000000, 7.950087
11.257263, 11.257263, 0.000000, 7.960087
11.271405, 11.271405, 0.000000, 7.970088
11.285548, 11.285548, 0.000000, 7.980088
11.299690, 11.299690, 0.000000, 7.990088
11.313832, 11.313832, 0.000000, 8.000088
11.327975, 11.327975, 0.000000, 8.010088
11.342117, 11.342117, 0.000000, 8.020088
11.356259, 11.356259, 0.000000, 8.030088
11.370402, 11.370402, 0.000000, 8.040089
11.384544, 11.384544, 0.000000, 8.050089
11.398687, 11.398687, 0.000000, 8.060089
11.412829, 11.412829, 0.000000, 8.070089
11.426972, 11.426972, 0.000000, 8.080090
11.441114, 11.441114, 0.000000, 8.090090
11.455257, 11.455257, 0.000000, 8.100090
11.469399, 11.469399, 0.000000, 8.110090
11.483541, 11.483541, 0.000000, 8.120090
11.497684, 11.497684, 0.000000, 8.130091
11.511827, 11.511827, 0.000000, 8.140091
11.525970, 11.525970, 0.000000, 8.150091
11.540112, 11.540112, 0.000000, 8.160091
11.554255, 11.554255, 0.000000, 8.170092
11.568397, 11.568397, 0.000000, 8.180092
11.582540, 11.582540, 0.000000, 8.190092
11.596682, 11.596682, 0.000000, 8.200092
11.610824, 11.610824, 0.000000, 8.210093
11.624967, 11.624967, 0.000000, 8.220093
11.639109, 11.639109, 0.000000, 8.230093
11.653252, 11.653252, 0.000000, 8.240093
11.667394, 11.667394, 0.000000, 8.250093
11.681537, 11.681537, 0.000000, 8.260094
11.695679, 11.695679, 0.000000, 8.270094
11.709822, 11.709822, 0.000000, 8.280094
11.723964, 11.723964, 0.000000, 8.290094
11.738106, 11.738106, 0.000000, 8.300095
11.752249, 11.752249, 0.000000, 8.310095
11.766391, 11.766391, 0.000000, 8.320095
11.780534, 11.780534, 0.000000, 8.330095
11.794676, 11.794676, 0.000000, 8.340096
11.808819, 11.808819, 0.000000, 8.350096
11.822961, 11.822961, 0.000000, 8.360096
11.837104, 11.837104, 0.000000, 8.370096
11.851246, 11.851246, 0.000000, 8.380096
11.865388, 11.865388, 0.000000, 8.390097
11.879531, 11.879531, 0.000000, 8.400097
11.893673, 11.893673, 0.000000, 8.410097
11.907816, 11.907816, 0.000000, 8.420097
11.921958, 11.921958, 0.000000, 8.430098
11.936101, 11.936101, 0.000000, 8.440098
11.950243, 11.950243, 0.000000, 8.450098
11.964385, 11.964385, 0.000000, 8.460098
11.978528, 11.978528, 0.000000, 8.470098
11.992670, 11.992670, 0.000000, 8.480099
12.006813, 12.006813, 0.000000, 8.490099
12.020955, 12.020955, 0.000000, 8.500099
12.035098, 12.035098, 0.000000, 8.510099
12.049240, 12.049240, 0.000000, 8.520100
12.063383, 12.063383, 0.000000, 8.530100
12.077525, 12.077525, 0.000000, 8.540100
12.091667, 12.091667, 0.000000, 8.550100
12.105810, 12.105810, 0.000000, 8.560101
12.119952, 12.119952, 0.000000, 8.570101
12.134095, 12.134095, 0.000000, 8.580101
12.148237, 12.148237, 0.000000, 8.590101
12.162380, 12.162380, 0.000000, 8.600101
12.176522, 12.176522, 0.000000, 8.610102
12.190665, 12.190665, 0.000000, 8.620102
12.204807, 12.204807, 0.000000, 8.630102
12.218949, 12.218949, 0.000000, 8.640102
12.233092, 12.233092, 0.000000, 8.650103
12.247234, 12.247234, 0.000000, 8.660103
12.261377, 12.261377, 0.000000, 8.670103
12.275519, 12.275519, 0.000000, 8.680103
12.289662, 12.289662, 0.000000, 8.690104
12.303804, 12.303804, 0.000000, 8.700104
12.317947, 12.317947, 0.000000, 8.710104
12.332089, 12.332089, 0.000000, 8.720104
12.346231, 12.346231, 0.000000, 8.730104
12.360374, 12.360374, 0.000000, 8.740105
12.374516, 12.374516, 0.000000, 8.750105
12.388659, 12.388659, 0.000000, 8.760105
12.402802, 12.402802, 0.000000, 8.770105
12.416945, 12.416945, 0.000000, 8.780106
12.431087, 12.431087, 0.000000, 8.790106
12.445230, 12.445230, 0.000000, 8.800106
12.459372, 12.459372, 0.000000, 8.810106
12.473514, 12.473514, 0.000000, 8.820107
12.487657, 12.487657, 0.000000, 8.830107
12.501799, 12.501799, 0.000000, 8.840107
12.515942, 12.515942, 0.000000, 8.850107
12.530084, 12.530084, 0.000000, 8.860107
12.544227, 12.544227, 0.000000, 8.870108
12.558369, 12.558369, 0.000000, 8.880108
12.572512, 12.572512, 0.000000, 8.890108
12.586654, 12.586654, 0.000000, 8.900108
12.600796, 12.600796, 0.000000, 8.910109
12.614939, 12.614939, 0.000000, 8.920109
12.629081, 12.629081, 0.000000, 8.930109
12.643224, 12.643224, 0.000000, 8.940109
12.657366, 12.657366, 0.000000, 8.950109
12.671509, 12.671509, 0.000000, 8.960110
12.685651, 12.685651, 0.000000, 8.970110
12.699794, 12.699794, 0.000000, 8.980110
12.713936, 12.713936, 0.000000, 8.990110
12.728078, 12.728078, 0.000000, 9.000111
12.742221, 12.742221, 0.000000, 9.010111
12.756363, 12.756363, 0.000000, 9.020111
12.770506, 12.770506, 0.000000, 9.030111
12.784648, 12.784648, 0.000000, 9.040112
12.798791, 12.798791, 0.000000, 9.050112
12.812933, 12.812933, 0.000000, 9.060112
12.827076, 12.827076, 0.000000, 9.070112
12.841218, 12.841218, 0.000000, 9.080112
12.855360, 12.855360, 0.000000, 9.090113
12.869503, 12.869503, 0.000000, 9.100113
12.883645, 12.883645, 0.000000, 9.110113
12.897788, 12.897788, 0.000000, 9.120113
12.911930, 12.911930, 0.000000, 9.130114
12.926073, 12.926073, 0.000000, 9.140114
12.940215, 12.940215, 0.000000, 9.150114
12.954358, 12.954358, 0.000000, 9.160114
12.968500, 12.968500, 0.000000, 9.170115
12.982642, 12.982642, 0.000000, 9.180115
12.996785, 12.996785, 0.000000, 9.190115
13.010927, 13.010927, 0.000000, 9.200115
13.025070, 13.025070, 0.000000, 9.210115
13.039212, 13.039212, 0.000000, 9.220116
13.053355, 13.053355, 0.000000, 9.230116
13.067497, 13.067497, 0.000000, 9.240116
13.081640, 13.081640, 0.000000, 9.250116
13.095782, 13.095782, 0.000000, 9.260117
13.109924, 13.109924, 0.000000, 9.270117
13.124067, 13.124067, 0.000000, 9.280117
13.138209, 13.138209, 0.000000, 9.290117
13.152352, 13.152352, 0.000000, 9.300117
13.166494, 13.166494, 0.000000, 9.310118
13.180637, 13.180637, 0.000000, 9.320118
13.194779, 13.194779, 0.000000, 9.330118
13.208921, 13.208921, 0.000000, 9.340118
13.223064, 13.223064, 0.000000, 9.350119
13.237206, 13.237206, 0.000000, 9.360119
13.251349, 13.251349, 0.000000, 9.370119
13.265491, 13.265491, 0.000000, 9.380119
13.279634, 13.279634, 0.000000, 9.390120
13.293777, 13.293777, 0.000000, 9.400120
13.307920, 13.307920, 0.000000, 9.410120
13.322062, 13.322062, 0.000000, 9.420120
13.336204, 13.336204, 0.000000, 9.430120
13.350347, 13.350347, 0.000000, 9.440121
13.364489, 13.364489, 0.000000, 9.450121
13.378632, 13.378632, 0.000000, 9.460121
13.392774, 13.392774, 0.000000, 9.470121
13.406917, 13.406917, 0.000000, 9.480122
13.421059, 13.421059, 0.000000, 9.490122
13.435202, 13.435202, 0.000000, 9.500122
13.449344, 13.449344, 0.000000, 9.510122
13.463486, 13.463486, 0.000000, 9.520123
13.477629, 13.477629, 0.000000, 9.530123
13.491771, 13.491771, 0.000000, 9.540123
13.505914, 13.505914, 0.000000, 9.550123
13.520056, 13.520056, 0.000000, 9.560123
13.534199, 13.534199, 0.000000, 9.570124
13.548341, 13.548341, 0.000000, 9.580124
13.562484, 13.562484, 0.000000, 9.590124
13.576626, 13.576626, 0.000000, 9.600124
13.590768, 13.590768, 0.000000, 9.610125
13.604911, 13.604911, 0.000000, 9.620125
13.619053, 13.619053, 0.000000, 9.630125
13.633196, 13.633196, 0.000000, 9.640125
13.647338, 13.647338, 0.000000, 9.650126
13.661481, 13.661481, 0.000000, 9.660126
13.675623, 13.675623, 0.000000, 9.670126
13.689766, 13.689766, 0.000000, 9.680126
13.703908, 13.703908, 0.000000, 9.690126
13.718050, 13.718050, 0.000000, 9.700127
13.732193, 13.732193, 0.000000, 9.710127
13.746335, 13.746335, 0.000000, 9.720127
13.760478, 13.760478, 0.000000, 9.730127
13.774620, 13.774620, 0.000000, 9.740128
13.788763, 13.788763, 0.000000, 9.750128
13.802905, 13.802905, 0.000000, 9.760128
13.817048, 13.817048, 0.000000, 9.770128
13.831190, 13.831190, 0.000000, 9.780128
13.845332, 13.845332, 0.000000, 9.790129
13.859475, 13.859475, 0.000000, 9.800129
13.873617, 13.873617, 0.000000, 9.810129
13.887760, 13.887760, 0.000000, 9.820129
13.901902, 13.901902, 0.000000, 9.830130
13.916045, 13.916045, 0.000000, 9.840130
13.930187, 13.930187, 0.000000, 9.850130
13.944330, 13.944330, 0.000000, 9.860130
13.958472, 13.958472, 0.000000, 9.870131
13.972614, 13.972614, 0.000000, 9.880131
13.986757, 13.986757, 0.000000, 9.890131
14.000899, 14.000899, 0.000000, 9.900131
14.015042, 14.015042, 0.000000, 9.910131
14.029184, 14.029184, 0.000000, 9.920132
14.043327, 14.043327, 0.000000, 9.930132
14.057469, 14.057469, 0.000000, 9.940132
14.071612, 14.071612, 0.000000, 9.950132
14.085754, 14.085754, 0.000000, 9.960133
14.099896, 14.099896, 0.000000, 9.970133
14.114039, 14.114039, 0.000000, 9.980133
14.128181, 14.128181, 0.000000, 9.990133
